Client Name,Guests,Email
Marc Delaney,2,marc.delaney@example.com
Sarah Johnson,4,sarah.johnson@example.com
Michael Smith,1,michael.smith@example.com
Emily Davis,3,emily.davis@example.com
James Wilson,2,james.wilson@example.com
Jessica Brown,1,jessica.brown@example.com
David Miller,5,david.miller@example.com
Ashley Garcia,2,ashley.garcia@example.com
Christopher Martinez,3,chris.martinez@example.com
Amanda Anderson,1,amanda.anderson@example.com
Matthew Taylor,4,matt.taylor@example.com
Lisa Thomas,2,lisa.thomas@example.com
Andrew Jackson,1,andrew.jackson@example.com
Rachel White,3,rachel.white@example.com
Daniel Harris,2,daniel.harris@example.com
Michelle Lewis,4,michelle.lewis@example.com
Kevin Clark,1,kevin.clark@example.com
Stephanie Rodriguez,2,stephanie.rodriguez@example.com
Ryan Walker,3,ryan.walker@example.com
Nicole Hall,1,nicole.hall@example.com
Brandon Young,5,brandon.young@example.com
Jennifer Allen,2,jennifer.allen@example.com
Justin King,1,justin.king@example.com
Melissa Wright,4,melissa.wright@example.com
Sean Lopez,2,sean.lopez@example.com
Kimberly Hill,3,kimberly.hill@example.com
Tyler Green,1,tyler.green@example.com
Laura Adams,2,laura.adams@example.com
Jonathan Baker,4,jonathan.baker@example.com
Amy Nelson,1,amy.nelson@example.com
Nathan Carter,3,nathan.carter@example.com
Rebecca Mitchell,2,rebecca.mitchell@example.com
Jeremy Perez,1,jeremy.perez@example.com
Crystal Roberts,4,crystal.roberts@example.com
Austin Turner,2,austin.turner@example.com
Samantha Phillips,3,samantha.phillips@example.com
Gregory Campbell,1,gregory.campbell@example.com
Diana Parker,2,diana.parker@example.com
Eric Evans,4,eric.evans@example.com
Heather Edwards,1,heather.edwards@example.com
Adam Collins,3,adam.collins@example.com
Tiffany Stewart,2,tiffany.stewart@example.com
Jordan Sanchez,1,jordan.sanchez@example.com
Brittany Morris,4,brittany.morris@example.com
Kyle Rogers,2,kyle.rogers@example.com
Vanessa Reed,3,vanessa.reed@example.com
Zachary Cook,1,zachary.cook@example.com
Angela Bailey,2,angela.bailey@example.com
Trevor Cooper,4,trevor.cooper@example.com
Monica Richardson,1,monica.richardson@example.com